sample,fusion genes,chrom1,base1,strand1,chrom2,base2,strand2,gap (kb),spanning pairs,spanning reads,inframe,aligns,rearrangement,contig,contig break,classification,known
Abx7,Ino80d:Ndufs1,chr1,63105656,-,chr1,63161014,-,55.354,0,49,FALSE,TRUE,TRUE,K00283:94:HHW2KBBXX:3:1102:23723:9473/2,54,MediumConfidence,-
4662,Ino80d:Ndufs1,chr1,63105656,-,chr1,63161014,-,55.354,0,44,FALSE,TRUE,TRUE,K00283:94:HHW2KBBXX:3:1101:18254:36042/1,60,MediumConfidence,-
Abx7,Tmem248:Crcp,chr5,130236953,+,chr5,130048926,+,188.026,0,13,TRUE,TRUE,TRUE,K00283:94:HHW2KBBXX:3:1119:9739:33563/2,54,MediumConfidence,-
Abx7,Nsun3:Arl13b,chr16,62785788,-,chr16,62806647,-,20.855,0,6,TRUE,TRUE,TRUE,K00283:94:HHW2KBBXX:3:1128:27539:2193/2,51,MediumConfidence,-
Abx7,Tmem248:Crcp,chr5,130238430,+,chr5,130048926,+,189.503,0,6,FALSE,TRUE,TRUE,K00283:94:HHW2KBBXX:3:1201:31527:8752/1,50,MediumConfidence,-
4662,Tmem248:Crcp,chr5,130236953,+,chr5,130048926,+,188.026,0,4,TRUE,TRUE,TRUE,K00283:94:HHW2KBBXX:3:1101:17655:7328/2,50,MediumConfidence,-
Abx7,2810004N23Rik:Mnd1,chr8,124860946,-,chr3,84141764,-,Inf,0,4,TRUE,TRUE,TRUE,K00283:94:HHW2KBBXX:3:2123:30817:44447/2,60,MediumConfidence,-
4662,Tmem248:Crcp,chr5,130238430,+,chr5,130048926,+,189.503,0,3,FALSE,TRUE,TRUE,K00283:94:HHW2KBBXX:3:1202:8298:31277/1,57,MediumConfidence,-
Abx7,Stard3:Rpl23,chr11,98358508,+,chr11,97778378,-,580.127,0,3,FALSE,TRUE,TRUE,K00283:94:HHW2KBBXX:3:2214:30097:8981/1,66,MediumConfidence,-
4662,Nsun3:Arl13b,chr16,62785788,-,chr16,62806647,-,20.855,0,2,TRUE,TRUE,TRUE,K00283:94:HHW2KBBXX:3:1119:3407:3354/2,56,MediumConfidence,-
Abx7,Nfs1:Rbm39,chr2,156144020,-,chr2,156173022,-,29,0,2,FALSE,TRUE,TRUE,K00283:94:HHW2KBBXX:3:1214:17543:24929/1,53,MediumConfidence,-
4662,Ino80d:Ndufs1,chr1,63114211,-,chr1,63161014,-,46.8,0,2,FALSE,TRUE,TRUE,K00283:94:HHW2KBBXX:3:1120:28605:13816/1,62,MediumConfidence,-
4662,Scarb1:Ubc,chr5,125340757,-,chr5,125388264,-,47.503,0,2,TRUE,TRUE,TRUE,K00283:94:HHW2KBBXX:3:1114:13961:18054/1,47,MediumConfidence,-
Abx7,Il4ra:Nsmce1,chr7,125552328,+,chr7,125472229,-,80.098,0,2,FALSE,TRUE,TRUE,K00283:94:HHW2KBBXX:3:1112:28422:32877/1,47,MediumConfidence,-
4662,Dpy19l4:Ndufaf6,chr4,11267613,-,chr4,11066707,-,200.908,0,2,TRUE,TRUE,FALSE,K00283:94:HHW2KBBXX:3:2209:7517:28692/1,40,MediumConfidence,-
4662,Ubap2:Bag1,chr4,41275040,-,chr4,40941638,-,333.405,0,2,FALSE,TRUE,FALSE,K00283:94:HHW2KBBXX:3:1118:26514:6712/1,58,MediumConfidence,-
Abx7,Fam210a:Mbd2,chr18,68300074,-,chr18,70616565,+,2316.49,0,2,FALSE,TRUE,TRUE,K00283:94:HHW2KBBXX:3:1118:4442:1595/2,65,MediumConfidence,-
Abx7,Jpx:Atrx,chrX,103496530,+,chrX,105899993,-,2403.464,0,2,FALSE,TRUE,TRUE,K00283:94:HHW2KBBXX:3:2215:20354:46293/1,38,MediumConfidence,-
4662,Osgin1:Zc3h18,chr8,119443283,+,chr8,122416036,+,2972.758,0,2,FALSE,TRUE,FALSE,K00283:94:HHW2KBBXX:3:1109:8329:46979/1,42,MediumConfidence,-