sample_id,pep_mut,mutant_index,fusion genes,fusion_uuid,chrom1,base1,chrom2,base2,fus_tx,pep_gene_1
4662,MLTRLKAKSEGKLAKQLCRVVLDQFDKQYSKELGDSWSTVREREQTELDGTSGLAEIDSGPVLANPFQPIAAVIIENEKKQEKEKKKQTVEKDSDVGLLEHKVEPEQAAPQSEADCCLQNPDERVVDSYREALSQQLDSEDEQDQRGSESGENSKKKTKKLRMKRSHRVEPVNTDESTPKSPTPPQPPPPVGWGTPKVTRLPKLEPLGETRHNDFYGKPLPPLAVRQRPNGDAQDTIS,42,Nsun3:Arl13b,655395f5-9738-4214-ade2-40d8245851ad,chr16,62785788,chr16,62806647,ATGCTGACTCGGCTGAAAGCAAAATCAGAGGGGAAGCTTGCCAAACAGCTATGCAGAGTTGTGTTGGATCAGTTTGACAAACAGTATTCGAAAGAACTTGGGGATTCCTGGAGTACAGTAAGAGAACGAGAGCAGACGGAACTTGATGGGACCAGTGGTCTGGCTGAGATTGACTCAGGACCAGTTCTTGCGAATCCTTTCCAACCCATTGCAGCTGTAATCATTGAGAATGAAAAGAAGCAGGAAAAAGAGAAAAAGAAGCAGACCGTGGAGAAGGACAGTGATGTTGGTCTCCTAGAACATAAAGTGGAGCCAGAGCAAGCAGCGCCTCAGAGTGAGGCAGATTGCTGCCTCCAAAACCCTGACGAGCGAGTGGTGGACAGTTACAGGGAGGCACTGTCGCAGCAGCTGGACAGTGAGGATGAGCAGGACCAGCGAGGGTCAGAGTCCGGGGAAAACAGTAAGAAGAAAACCAAGAAACTAAGAATGAAAAGGAGTCATCGGGTAGAACCAGTCAATACAGACGAGTCTACTCCAAAGAGTCCCACGCCTCCCCAACCTCCCCCTCCTGTTGGCTGGGGAACCCCCAAAGTCACTAGACTTCCAAAACTTGAGCCTCTTGGTGAAACACGTCACAATGATTTCTATGGGAAGCCGCTGCCTCCCCTGGCTGTGCGACAGAGACCTAACGGTGATGCTCAGGACACGATCTCATAA,MLTRLKAKSEGKLAKQLCRVVLDQFDKQYSKELGDSWSTVRDVLISPSLWQYAILFNRFNYPFELEKALHLRGYHTVLQGALPHYPKSMKCYLSRTPDRMPSERHQTGSLKKYYLLNAASLLPVLALELRDGEAVLDLCAAPGGKSVALLQCAYPGYLLCNEYDRPRGRWLRQTLESFIPQPLINVIKVSELDGREMGDAQPATFDKVLVDAPCSNDRSWLFSSDSQKAAYRIHQRKNLPVLQVELVRSAIKALRPGGLLVYSTCTLSKAENQDVISEVLTSDSNIVPVDISGIARTFSQDFTFAPTDQKCSLLVIPEKGKAWGPMYIAKLKKGMSTRKRQGEFCKPC*
Abx7,MLTRLKAKSEGKLAKQLCRVVLDQFDKQYSKELGDSWSTVREREQTELDGTSGLAEIDSGPVLANPFQPIAAVIIENEKKQEKEKKKQTVEKDSDVGLLEHKVEPEQAAPQSEADCCLQNPDERVVDSYREALSQQLDSEDEQDQRGSESGENSKKKTKKLRMKRSHRVEPVNTDESTPKSPTPPQPPPPVGWGTPKVTRLPKLEPLGETRHNDFYGKPLPPLAVRQRPNGDAQDTIS,42,Nsun3:Arl13b,6da2f27a-afa6-4014-9962-51edf01da3b6,chr16,62785788,chr16,62806647,ATGCTGACTCGGCTGAAAGCAAAATCAGAGGGGAAGCTTGCCAAACAGCTATGCAGAGTTGTGTTGGATCAGTTTGACAAACAGTATTCGAAAGAACTTGGGGATTCCTGGAGTACAGTAAGAGAACGAGAGCAGACGGAACTTGATGGGACCAGTGGTCTGGCTGAGATTGACTCAGGACCAGTTCTTGCGAATCCTTTCCAACCCATTGCAGCTGTAATCATTGAGAATGAAAAGAAGCAGGAAAAAGAGAAAAAGAAGCAGACCGTGGAGAAGGACAGTGATGTTGGTCTCCTAGAACATAAAGTGGAGCCAGAGCAAGCAGCGCCTCAGAGTGAGGCAGATTGCTGCCTCCAAAACCCTGACGAGCGAGTGGTGGACAGTTACAGGGAGGCACTGTCGCAGCAGCTGGACAGTGAGGATGAGCAGGACCAGCGAGGGTCAGAGTCCGGGGAAAACAGTAAGAAGAAAACCAAGAAACTAAGAATGAAAAGGAGTCATCGGGTAGAACCAGTCAATACAGACGAGTCTACTCCAAAGAGTCCCACGCCTCCCCAACCTCCCCCTCCTGTTGGCTGGGGAACCCCCAAAGTCACTAGACTTCCAAAACTTGAGCCTCTTGGTGAAACACGTCACAATGATTTCTATGGGAAGCCGCTGCCTCCCCTGGCTGTGCGACAGAGACCTAACGGTGATGCTCAGGACACGATCTCATAA,MLTRLKAKSEGKLAKQLCRVVLDQFDKQYSKELGDSWSTVRDVLISPSLWQYAILFNRFNYPFELEKALHLRGYHTVLQGALPHYPKSMKCYLSRTPDRMPSERHQTGSLKKYYLLNAASLLPVLALELRDGEAVLDLCAAPGGKSVALLQCAYPGYLLCNEYDRPRGRWLRQTLESFIPQPLINVIKVSELDGREMGDAQPATFDKVLVDAPCSNDRSWLFSSDSQKAAYRIHQRKNLPVLQVELVRSAIKALRPGGLLVYSTCTLSKAENQDVISEVLTSDSNIVPVDISGIARTFSQDFTFAPTDQKCSLLVIPEKGKAWGPMYIAKLKKGMSTRKRQGEFCKPC*
4662,MLTRLKAKSEGKLAKQLCRVVLDQFDKQYSKELGDSWSTVREREQTELDGTSGLAEIDSGPVLANPFQPIAAVIIENEKKQEKEKKKQTVEKDSDVGLLEHKVEPEQAAPQSEADCCLQNPDERVVDSYREALSQQLDSEDEQDQRGSESGENSKKKTKKLRMKRSHRVEPVNTDESTPKSPTPPQPPPPVGWGTPKVTRLPKLEPLGETRHNDFYGKPLPPLAVRQRPNGDAQDTIS,41,Nsun3:Arl13b,655395f5-9738-4214-ade2-40d8245851ad,chr16,62785788,chr16,62806647,ATGCTGACTCGGCTGAAAGCAAAATCAGAGGGGAAGCTTGCCAAACAGCTATGCAGAGTTGTGTTGGATCAGTTTGACAAACAGTATTCGAAAGAACTTGGGGATTCCTGGAGTACAGTAAGAGAACGAGAGCAGACGGAACTTGATGGGACCAGTGGTCTGGCTGAGATTGACTCAGGACCAGTTCTTGCGAATCCTTTCCAACCCATTGCAGCTGTAATCATTGAGAATGAAAAGAAGCAGGAAAAAGAGAAAAAGAAGCAGACCGTGGAGAAGGACAGTGATGTTGGTCTCCTAGAACATAAAGTGGAGCCAGAGCAAGCAGCGCCTCAGAGTGAGGCAGATTGCTGCCTCCAAAACCCTGACGAGCGAGTGGTGGACAGTTACAGGGAGGCACTGTCGCAGCAGCTGGACAGTGAGGATGAGCAGGACCAGCGAGGGTCAGAGTCCGGGGAAAACAGTAAGAAGAAAACCAAGAAACTAAGAATGAAAAGGAGTCATCGGGTAGAACCAGTCAATACAGACGAGTCTACTCCAAAGAGTCCCACGCCTCCCCAACCTCCCCCTCCTGTTGGCTGGGGAACCCCCAAAGTCACTAGACTTCCAAAACTTGAGCCTCTTGGTGAAACACGTCACAATGATTTCTATGGGAAGCCGCTGCCTCCCCTGGCTGTGCGACAGAGACCTAACGGTGATGCTCAGGACACGATCTCATAA,MLTRLKAKSEGKLAKQLCRVVLDQFDKQYSKELGDSWSTVSTGSGTERRGGSPGLVCCSWRQIRSSAAMCLSRLSSL*
Abx7,MLTRLKAKSEGKLAKQLCRVVLDQFDKQYSKELGDSWSTVREREQTELDGTSGLAEIDSGPVLANPFQPIAAVIIENEKKQEKEKKKQTVEKDSDVGLLEHKVEPEQAAPQSEADCCLQNPDERVVDSYREALSQQLDSEDEQDQRGSESGENSKKKTKKLRMKRSHRVEPVNTDESTPKSPTPPQPPPPVGWGTPKVTRLPKLEPLGETRHNDFYGKPLPPLAVRQRPNGDAQDTIS,41,Nsun3:Arl13b,6da2f27a-afa6-4014-9962-51edf01da3b6,chr16,62785788,chr16,62806647,ATGCTGACTCGGCTGAAAGCAAAATCAGAGGGGAAGCTTGCCAAACAGCTATGCAGAGTTGTGTTGGATCAGTTTGACAAACAGTATTCGAAAGAACTTGGGGATTCCTGGAGTACAGTAAGAGAACGAGAGCAGACGGAACTTGATGGGACCAGTGGTCTGGCTGAGATTGACTCAGGACCAGTTCTTGCGAATCCTTTCCAACCCATTGCAGCTGTAATCATTGAGAATGAAAAGAAGCAGGAAAAAGAGAAAAAGAAGCAGACCGTGGAGAAGGACAGTGATGTTGGTCTCCTAGAACATAAAGTGGAGCCAGAGCAAGCAGCGCCTCAGAGTGAGGCAGATTGCTGCCTCCAAAACCCTGACGAGCGAGTGGTGGACAGTTACAGGGAGGCACTGTCGCAGCAGCTGGACAGTGAGGATGAGCAGGACCAGCGAGGGTCAGAGTCCGGGGAAAACAGTAAGAAGAAAACCAAGAAACTAAGAATGAAAAGGAGTCATCGGGTAGAACCAGTCAATACAGACGAGTCTACTCCAAAGAGTCCCACGCCTCCCCAACCTCCCCCTCCTGTTGGCTGGGGAACCCCCAAAGTCACTAGACTTCCAAAACTTGAGCCTCTTGGTGAAACACGTCACAATGATTTCTATGGGAAGCCGCTGCCTCCCCTGGCTGTGCGACAGAGACCTAACGGTGATGCTCAGGACACGATCTCATAA,MLTRLKAKSEGKLAKQLCRVVLDQFDKQYSKELGDSWSTVSTGSGTERRGGSPGLVCCSWRQIRSSAAMCLSRLSSL*
4662,MLTRLKAKSEGKLAKQLCRVVLDQFDKQYSKELGDSWSTVREREQTELDGTSGLAEIDSGPVLANPFQPIAAVIIENEKKQEKEKKKQTVEKDSDVGLLEHKVEPEQAAPQSEADCCLQNPDERVVDSYREALSQQLDSEDEQDQRGSESGENSKKKTKKLRMKRSHRVEPVNTDESTPKSPTPPQPPPPVGWGTPKVTRLPKLEPLGETRHNDFYGKPLPPLAVRQRPNGDAQDTIS,41,Nsun3:Arl13b,655395f5-9738-4214-ade2-40d8245851ad,chr16,62785788,chr16,62806647,ATGCTGACTCGGCTGAAAGCAAAATCAGAGGGGAAGCTTGCCAAACAGCTATGCAGAGTTGTGTTGGATCAGTTTGACAAACAGTATTCGAAAGAACTTGGGGATTCCTGGAGTACAGTAAGAGAACGAGAGCAGACGGAACTTGATGGGACCAGTGGTCTGGCTGAGATTGACTCAGGACCAGTTCTTGCGAATCCTTTCCAACCCATTGCAGCTGTAATCATTGAGAATGAAAAGAAGCAGGAAAAAGAGAAAAAGAAGCAGACCGTGGAGAAGGACAGTGATGTTGGTCTCCTAGAACATAAAGTGGAGCCAGAGCAAGCAGCGCCTCAGAGTGAGGCAGATTGCTGCCTCCAAAACCCTGACGAGCGAGTGGTGGACAGTTACAGGGAGGCACTGTCGCAGCAGCTGGACAGTGAGGATGAGCAGGACCAGCGAGGGTCAGAGTCCGGGGAAAACAGTAAGAAGAAAACCAAGAAACTAAGAATGAAAAGGAGTCATCGGGTAGAACCAGTCAATACAGACGAGTCTACTCCAAAGAGTCCCACGCCTCCCCAACCTCCCCCTCCTGTTGGCTGGGGAACCCCCAAAGTCACTAGACTTCCAAAACTTGAGCCTCTTGGTGAAACACGTCACAATGATTTCTATGGGAAGCCGCTGCCTCCCCTGGCTGTGCGACAGAGACCTAACGGTGATGCTCAGGACACGATCTCATAA,MLTRLKAKSEGKLAKQLCRVVLDQFDKQYSKELGDSWSTVSTGSGTERRGGSPGLVCCSWRQIRSSAAMCLSRSLEPLICNSASQGYLLCNEYDRPRGRWLRQTLESFIPQPLINVIKVSELDGR
Abx7,MLTRLKAKSEGKLAKQLCRVVLDQFDKQYSKELGDSWSTVREREQTELDGTSGLAEIDSGPVLANPFQPIAAVIIENEKKQEKEKKKQTVEKDSDVGLLEHKVEPEQAAPQSEADCCLQNPDERVVDSYREALSQQLDSEDEQDQRGSESGENSKKKTKKLRMKRSHRVEPVNTDESTPKSPTPPQPPPPVGWGTPKVTRLPKLEPLGETRHNDFYGKPLPPLAVRQRPNGDAQDTIS,41,Nsun3:Arl13b,6da2f27a-afa6-4014-9962-51edf01da3b6,chr16,62785788,chr16,62806647,ATGCTGACTCGGCTGAAAGCAAAATCAGAGGGGAAGCTTGCCAAACAGCTATGCAGAGTTGTGTTGGATCAGTTTGACAAACAGTATTCGAAAGAACTTGGGGATTCCTGGAGTACAGTAAGAGAACGAGAGCAGACGGAACTTGATGGGACCAGTGGTCTGGCTGAGATTGACTCAGGACCAGTTCTTGCGAATCCTTTCCAACCCATTGCAGCTGTAATCATTGAGAATGAAAAGAAGCAGGAAAAAGAGAAAAAGAAGCAGACCGTGGAGAAGGACAGTGATGTTGGTCTCCTAGAACATAAAGTGGAGCCAGAGCAAGCAGCGCCTCAGAGTGAGGCAGATTGCTGCCTCCAAAACCCTGACGAGCGAGTGGTGGACAGTTACAGGGAGGCACTGTCGCAGCAGCTGGACAGTGAGGATGAGCAGGACCAGCGAGGGTCAGAGTCCGGGGAAAACAGTAAGAAGAAAACCAAGAAACTAAGAATGAAAAGGAGTCATCGGGTAGAACCAGTCAATACAGACGAGTCTACTCCAAAGAGTCCCACGCCTCCCCAACCTCCCCCTCCTGTTGGCTGGGGAACCCCCAAAGTCACTAGACTTCCAAAACTTGAGCCTCTTGGTGAAACACGTCACAATGATTTCTATGGGAAGCCGCTGCCTCCCCTGGCTGTGCGACAGAGACCTAACGGTGATGCTCAGGACACGATCTCATAA,MLTRLKAKSEGKLAKQLCRVVLDQFDKQYSKELGDSWSTVSTGSGTERRGGSPGLVCCSWRQIRSSAAMCLSRSLEPLICNSASQGYLLCNEYDRPRGRWLRQTLESFIPQPLINVIKVSELDGR
4662,MAPRRKEKYKLPVPLPEGKILDDMEGNRWALGKMIGSGGFGLIYLGVLVAYEGLPLHLALFPKLWTELCQTQSAMSKNCIKLLCEDPVFAEYIKCILMDERTFLNNNIVYTFMTHFLLKVQSQVFSEANCASLISTLITNLINQYQNLQSDFTNRVEISKASAALNGDLRALALLLSVHTPKQLNPALIPTLQELLNKCRTCLQQRNSLQEQEAKERKTK,46,Vrk2:Usp34,b50e8a44-da01-4c4d-892a-17ed19b99e20,chr11,26591587,chr11,23484102,ATGGCACCAAGAAGAAAAGAGAAATATAAGCTTCCGGTTCCACTCCCAGAAGGCAAAATTCTGGATGATATGGAAGGAAACCGGTGGGCACTGGGCAAGATGATCGGCTCTGGAGGGTTTGGACTGATATACTTAGGTGTCCTGGTTGCCTATGAAGGCTTGCCACTTCATCTTGCACTGTTCCCCAAACTTTGGACTGAGCTATGCCAGACTCAGTCAGCTATGTCGAAAAACTGCATCAAGCTTCTGTGTGAAGACCCTGTTTTTGCAGAGTACATTAAATGTATCCTAATGGACGAAAGAACTTTTCTAAATAACAATATTGTCTACACATTCATGACACATTTCCTTCTAAAGGTTCAAAGTCAAGTGTTCTCAGAAGCAAACTGTGCCAGTTTGATCAGTACCCTTATCACAAACCTGATAAATCAGTATCAAAACCTACAATCTGATTTCACCAACCGAGTTGAAATTTCAAAAGCAAGTGCTGCTTTAAATGGGGACCTGAGGGCACTTGCTTTGCTCCTGTCAGTACACACTCCCAAACAGTTAAACCCAGCTCTGATCCCAACTCTGCAAGAGCTTTTAAACAAGTGTAGGACTTGTCTGCAGCAGAGAAACTCACTCCAAGAGCAAGAAGCCAAAGAAAGAAAAACTAAAG,MAPRRKEKYKLPVPLPEGKILDDMEGNRWALGKMIGSGGFGLIYLAFPTNKPNKDARHVIKLEYQENGPLFSELKFYQRAAKRECIQKWIQQRKLDYLGIPVFYGFGLTDFKGRSYRFMVMERLGIDLQKLLDQNGGFKKLTVLQLGIRMLDVLEYIHENEYVHGDIKAANLLLDFTNPDRVYLADYGLSYRYCPNGNHKQYQEDPRKGHNGTIEFTSLDAHKGVAPSRRSDVEILGYCMLHWLFGKLPWEAKLDDPVAVQTAKTNLLDELPESVLKWAPSGSSCSELVKYLMYVHNLAYDDKPDYQKLKKILNPDGVPLGPLEFSTKVQSVHVRTPAQQKVDSPKATRKPANEFPAKFPKKVHRETRARQREEQEDSQPTMLQSRPAAPENSRTRKIHEYSDIFSEMQSLQQTPSYMSFQGSYCKPYLDCTRRDPIRKPRSLPRYRHTPTGNLGVTDLESSPRFWPAIFQLTLSEETKADVYYYGITIFCLLIFVFLALYFL*
4662,MAPRRKEKYKLPVPLPEGKILDDMEGNRWALGKMIGSGGFGLIYLGVLVAYEGLPLHLALFPKLWTELCQTQSAMSKNCIKLLCEDPVFAEYIKCILMDERTFLNNNIVYTFMTHFLLKVQSQVFSEANCASLISTLITNLINQYQNLQSDFTNRVEISKASAALNGDLRALALLLSVHTPKQLNPALIPTLQELLNKCRTCLQQRNSLQEQEAKERKTK,46,Vrk2:Usp34,b50e8a44-da01-4c4d-892a-17ed19b99e20,chr11,26591587,chr11,23484102,ATGGCACCAAGAAGAAAAGAGAAATATAAGCTTCCGGTTCCACTCCCAGAAGGCAAAATTCTGGATGATATGGAAGGAAACCGGTGGGCACTGGGCAAGATGATCGGCTCTGGAGGGTTTGGACTGATATACTTAGGTGTCCTGGTTGCCTATGAAGGCTTGCCACTTCATCTTGCACTGTTCCCCAAACTTTGGACTGAGCTATGCCAGACTCAGTCAGCTATGTCGAAAAACTGCATCAAGCTTCTGTGTGAAGACCCTGTTTTTGCAGAGTACATTAAATGTATCCTAATGGACGAAAGAACTTTTCTAAATAACAATATTGTCTACACATTCATGACACATTTCCTTCTAAAGGTTCAAAGTCAAGTGTTCTCAGAAGCAAACTGTGCCAGTTTGATCAGTACCCTTATCACAAACCTGATAAATCAGTATCAAAACCTACAATCTGATTTCACCAACCGAGTTGAAATTTCAAAAGCAAGTGCTGCTTTAAATGGGGACCTGAGGGCACTTGCTTTGCTCCTGTCAGTACACACTCCCAAACAGTTAAACCCAGCTCTGATCCCAACTCTGCAAGAGCTTTTAAACAAGTGTAGGACTTGTCTGCAGCAGAGAAACTCACTCCAAGAGCAAGAAGCCAAAGAAAGAAAAACTAAAG,MAPRRKEKYKLPVPLPEGKILDDMEGNRWALGKMIGSGGFGLIYLAFPTNKPNKDARHVIKLEYQENGPLFSELKFYQRAAKRECIQKWIQQRKLDYLGIPVFYGFGLTDFKGRSYRFMVMERLGIDLQKLLDQNGGFKKLTVLQLGIRMLDVLEYIHENEYVHGDIKAANLLLDFTNPDRVYLADYGLSYRYCPNGNHKQYQEDPRKGHNGTIEFTSLDAHKGVAPSRRSDVEILGYCMLHWLFGKLPWEAKLDDPVAVQTAKTNLLDELPESVLKWAPSGSSCSELVKYLMYVHNLAYDDKPDYQKLKKILNPDGVPLGPLEFSTKVQSVHVRTPAQQKVDSPKATRKPANEFPAKFPKKVHRETRARQREEQEDSQPTMLQSRPAAPENSRTRKIHEYSDIFSEMQSLQQTPSYMSFQGSYCKPYLDCTRRDPIRKPRSLPRYRHTPTGNLGVTDLESSPRFWPAIFQLTLSEETKADVYYYGITIFCLLIFVFLALYFL*
4662,MAPRRKEKYKLPVPLPEGKILDDMEGNRWALGKMIGSGGFGLIYLGVLVAYEGLPLHLALFPKLWTELCQTQSAMSKNCIKLLCEDPVFAEYIKCILMDERTFLNNNIVYTFMTHFLLKVQSQVFSEANCASLISTLITNLINQYQNLQSDFTNRVEISKASAALNGDLRALALLLSVHTPKQLNPALIPTLQELLNKCRTCLQQRNSLQEQEAKERKTK,46,Vrk2:Usp34,b50e8a44-da01-4c4d-892a-17ed19b99e20,chr11,26591587,chr11,23484102,ATGGCACCAAGAAGAAAAGAGAAATATAAGCTTCCGGTTCCACTCCCAGAAGGCAAAATTCTGGATGATATGGAAGGAAACCGGTGGGCACTGGGCAAGATGATCGGCTCTGGAGGGTTTGGACTGATATACTTAGGTGTCCTGGTTGCCTATGAAGGCTTGCCACTTCATCTTGCACTGTTCCCCAAACTTTGGACTGAGCTATGCCAGACTCAGTCAGCTATGTCGAAAAACTGCATCAAGCTTCTGTGTGAAGACCCTGTTTTTGCAGAGTACATTAAATGTATCCTAATGGACGAAAGAACTTTTCTAAATAACAATATTGTCTACACATTCATGACACATTTCCTTCTAAAGGTTCAAAGTCAAGTGTTCTCAGAAGCAAACTGTGCCAGTTTGATCAGTACCCTTATCACAAACCTGATAAATCAGTATCAAAACCTACAATCTGATTTCACCAACCGAGTTGAAATTTCAAAAGCAAGTGCTGCTTTAAATGGGGACCTGAGGGCACTTGCTTTGCTCCTGTCAGTACACACTCCCAAACAGTTAAACCCAGCTCTGATCCCAACTCTGCAAGAGCTTTTAAACAAGTGTAGGACTTGTCTGCAGCAGAGAAACTCACTCCAAGAGCAAGAAGCCAAAGAAAGAAAAACTAAAG,MAPRRKEKYKLPVPLPEGKILDDMEGNRWALGKMIGSGGFGLIYLAFPTNKPNKDARHVIKLEYQENGPLFSELKFYQRAAKRECIQKWIQQRKLDYLGIPVFYGFGLTDF
4662,MAPRRKEKYKLPVPLPEGKILDDMEGNRWALGKMIGSGGFGLIYLGVLVAYEGLPLHLALFPKLWTELCQTQSAMSKNCIKLLCEDPVFAEYIKCILMDERTFLNNNIVYTFMTHFLLKVQSQVFSEANCASLISTLITNLINQYQNLQSDFTNRVEISKASAALNGDLRALALLLSVHTPKQLNPALIPTLQELLNKCRTCLQQRNSLQEQEAKERKTKDDEGATPVKRRRVSSDEEHTVDSCIGDIKTETREVLTPTSTSDNETRDSSIIDPGTEQDLPSPENSSVKEYRMEGPSSFSEDGSHIRSQHAEEQSNNGRFDDCKEFKDHCSKDTTLAEDESEFPSTSISAVLSDLADLRSCDGQALSSQDPEAAVSLSCGHSRGLISHMQQHDILDTLCRTIESTIHVVTRISGKGNQAAS,46,Vrk2:Usp34,b50e8a44-da01-4c4d-892a-17ed19b99e20,chr11,26591587,chr11,23484102,ATGGCACCAAGAAGAAAAGAGAAATATAAGCTTCCGGTTCCACTCCCAGAAGGCAAAATTCTGGATGATATGGAAGGAAACCGGTGGGCACTGGGCAAGATGATCGGCTCTGGAGGGTTTGGACTGATATACTTAGGTGTCCTGGTTGCCTATGAAGGCTTGCCACTTCATCTTGCACTGTTCCCCAAACTTTGGACTGAGCTATGCCAGACTCAGTCAGCTATGTCGAAAAACTGCATCAAGCTTCTGTGTGAAGACCCTGTTTTTGCAGAGTACATTAAATGTATCCTAATGGACGAAAGAACTTTTCTAAATAACAATATTGTCTACACATTCATGACACATTTCCTTCTAAAGGTTCAAAGTCAAGTGTTCTCAGAAGCAAACTGTGCCAGTTTGATCAGTACCCTTATCACAAACCTGATAAATCAGTATCAAAACCTACAATCTGATTTCACCAACCGAGTTGAAATTTCAAAAGCAAGTGCTGCTTTAAATGGGGACCTGAGGGCACTTGCTTTGCTCCTGTCAGTACACACTCCCAAACAGTTAAACCCAGCTCTGATCCCAACTCTGCAAGAGCTTTTAAACAAGTGTAGGACTTGTCTGCAGCAGAGAAACTCACTCCAAGAGCAAGAAGCCAAAGAAAGAAAAACTAAAGATGACGAAGGAGCAACTCCTGTTAAAAGACGGCGAGTGAGCAGTGATGAGGAGCACACTGTAGACAGTTGCATTGGTGACATAAAAACAGAGACCAGGGAGGTCCTGACCCCCACTAGCACCTCAGACAATGAGACAAGAGACTCATCGATTATTGACCCAGGGACAGAGCAAGATCTTCCGTCTCCTGAAAACAGCTCTGTCAAAGAGTATCGAATGGAAGGCCCATCTTCATTTTCAGAAGATGGTTCACATATCCGGTCACAGCATGCAGAGGAACAGTCTAACAATGGCAGGTTTGACGACTGTAAAGAGTTTAAAGACCACTGTTCCAAGGATACTACACTAGCTGAAGATGAATCCGAATTCCCTTCAACGTCCATCTCCGCAGTTCTGTCTGACTTAGCTGATCTGAGAAGCTGTGATGGTCAAGCTTTGTCCTCCCAGGACCCTGAAGCTGCTGTGTCCCTCAGTTGTGGCCATTCCAGAGGCCTCATTAGTCATATGCAGCAACACGACATTTTAGATACCCTGTGTAGGACCATTGAATCAACAATCCATGTGGTCACAAGGATATCTGGCAAAGGAAACCAAGCTGCTTCTTGA,MAPRRKEKYKLPVPLPEGKILDDMEGNRWALGKMIGSGGFGLIYLAFPTNKPNKDARHVIKLEYQENGPLFSELKFYQRAAKRECIQKWIQQRKLDYLGIPVFYGFGLTDFKGRSYRFMVMERLGIDLQKLLDQNGGFKKLTVLQLGIRMLDVLEYIHENEYVHGDIKAANLLLDFTNPDRVYLADYGLSYRYCPNGNHKQYQEDPRKGHNGTIEFTSLDAHKGVAPSRRSDVEILGYCMLHWLFGKLPWEAKLDDPVAVQTAKTNLLDELPESVLKWAPSGSSCSELVKYLMYVHNLAYDDKPDYQKLKKILNPDGVPLGPLEFSTKVQSVHVRTPAQQKVDSPKATRKPANEFPAKFPKKVHRETRARQREEQEDSQPTMLQSRPAAPENSRTRKIHEYSDIFSEMQSLQQTPSYMSFQGSYCKPYLDCTRRDPIRKPRSLPRYRHTPTGNLGVTDLESSPRFWPAIFQLTLSEETKADVYYYGITIFCLLIFVFLALYFL*
4662,MAPRRKEKYKLPVPLPEGKILDDMEGNRWALGKMIGSGGFGLIYLGVLVAYEGLPLHLALFPKLWTELCQTQSAMSKNCIKLLCEDPVFAEYIKCILMDERTFLNNNIVYTFMTHFLLKVQSQVFSEANCASLISTLITNLINQYQNLQSDFTNRVEISKASAALNGDLRALALLLSVHTPKQLNPALIPTLQELLNKCRTCLQQRNSLQEQEAKERKTKDDEGATPVKRRRVSSDEEHTVDSCIGDIKTETREVLTPTSTSDNETRDSSIIDPGTEQDLPSPENSSVKEYRMEGPSSFSEDGSHIRSQHAEEQSNNGRFDDCKEFKDHCSKDTTLAEDESEFPSTSISAVLSDLADLRSCDGQALSSQDPEAAVSLSCGHSRGLISHMQQHDILDTLCRTIESTIHVVTRISGKGNQAAS,46,Vrk2:Usp34,b50e8a44-da01-4c4d-892a-17ed19b99e20,chr11,26591587,chr11,23484102,ATGGCACCAAGAAGAAAAGAGAAATATAAGCTTCCGGTTCCACTCCCAGAAGGCAAAATTCTGGATGATATGGAAGGAAACCGGTGGGCACTGGGCAAGATGATCGGCTCTGGAGGGTTTGGACTGATATACTTAGGTGTCCTGGTTGCCTATGAAGGCTTGCCACTTCATCTTGCACTGTTCCCCAAACTTTGGACTGAGCTATGCCAGACTCAGTCAGCTATGTCGAAAAACTGCATCAAGCTTCTGTGTGAAGACCCTGTTTTTGCAGAGTACATTAAATGTATCCTAATGGACGAAAGAACTTTTCTAAATAACAATATTGTCTACACATTCATGACACATTTCCTTCTAAAGGTTCAAAGTCAAGTGTTCTCAGAAGCAAACTGTGCCAGTTTGATCAGTACCCTTATCACAAACCTGATAAATCAGTATCAAAACCTACAATCTGATTTCACCAACCGAGTTGAAATTTCAAAAGCAAGTGCTGCTTTAAATGGGGACCTGAGGGCACTTGCTTTGCTCCTGTCAGTACACACTCCCAAACAGTTAAACCCAGCTCTGATCCCAACTCTGCAAGAGCTTTTAAACAAGTGTAGGACTTGTCTGCAGCAGAGAAACTCACTCCAAGAGCAAGAAGCCAAAGAAAGAAAAACTAAAGATGACGAAGGAGCAACTCCTGTTAAAAGACGGCGAGTGAGCAGTGATGAGGAGCACACTGTAGACAGTTGCATTGGTGACATAAAAACAGAGACCAGGGAGGTCCTGACCCCCACTAGCACCTCAGACAATGAGACAAGAGACTCATCGATTATTGACCCAGGGACAGAGCAAGATCTTCCGTCTCCTGAAAACAGCTCTGTCAAAGAGTATCGAATGGAAGGCCCATCTTCATTTTCAGAAGATGGTTCACATATCCGGTCACAGCATGCAGAGGAACAGTCTAACAATGGCAGGTTTGACGACTGTAAAGAGTTTAAAGACCACTGTTCCAAGGATACTACACTAGCTGAAGATGAATCCGAATTCCCTTCAACGTCCATCTCCGCAGTTCTGTCTGACTTAGCTGATCTGAGAAGCTGTGATGGTCAAGCTTTGTCCTCCCAGGACCCTGAAGCTGCTGTGTCCCTCAGTTGTGGCCATTCCAGAGGCCTCATTAGTCATATGCAGCAACACGACATTTTAGATACCCTGTGTAGGACCATTGAATCAACAATCCATGTGGTCACAAGGATATCTGGCAAAGGAAACCAAGCTGCTTCTTGA,MAPRRKEKYKLPVPLPEGKILDDMEGNRWALGKMIGSGGFGLIYLAFPTNKPNKDARHVIKLEYQENGPLFSELKFYQRAAKRECIQKWIQQRKLDYLGIPVFYGFGLTDFKGRSYRFMVMERLGIDLQKLLDQNGGFKKLTVLQLGIRMLDVLEYIHENEYVHGDIKAANLLLDFTNPDRVYLADYGLSYRYCPNGNHKQYQEDPRKGHNGTIEFTSLDAHKGVAPSRRSDVEILGYCMLHWLFGKLPWEAKLDDPVAVQTAKTNLLDELPESVLKWAPSGSSCSELVKYLMYVHNLAYDDKPDYQKLKKILNPDGVPLGPLEFSTKVQSVHVRTPAQQKVDSPKATRKPANEFPAKFPKKVHRETRARQREEQEDSQPTMLQSRPAAPENSRTRKIHEYSDIFSEMQSLQQTPSYMSFQGSYCKPYLDCTRRDPIRKPRSLPRYRHTPTGNLGVTDLESSPRFWPAIFQLTLSEETKADVYYYGITIFCLLIFVFLALYFL*
4662,MAPRRKEKYKLPVPLPEGKILDDMEGNRWALGKMIGSGGFGLIYLGVLVAYEGLPLHLALFPKLWTELCQTQSAMSKNCIKLLCEDPVFAEYIKCILMDERTFLNNNIVYTFMTHFLLKVQSQVFSEANCASLISTLITNLINQYQNLQSDFTNRVEISKASAALNGDLRALALLLSVHTPKQLNPALIPTLQELLNKCRTCLQQRNSLQEQEAKERKTKDDEGATPVKRRRVSSDEEHTVDSCIGDIKTETREVLTPTSTSDNETRDSSIIDPGTEQDLPSPENSSVKEYRMEGPSSFSEDGSHIRSQHAEEQSNNGRFDDCKEFKDHCSKDTTLAEDESEFPSTSISAVLSDLADLRSCDGQALSSQDPEAAVSLSCGHSRGLISHMQQHDILDTLCRTIESTIHVVTRISGKGNQAAS,46,Vrk2:Usp34,b50e8a44-da01-4c4d-892a-17ed19b99e20,chr11,26591587,chr11,23484102,ATGGCACCAAGAAGAAAAGAGAAATATAAGCTTCCGGTTCCACTCCCAGAAGGCAAAATTCTGGATGATATGGAAGGAAACCGGTGGGCACTGGGCAAGATGATCGGCTCTGGAGGGTTTGGACTGATATACTTAGGTGTCCTGGTTGCCTATGAAGGCTTGCCACTTCATCTTGCACTGTTCCCCAAACTTTGGACTGAGCTATGCCAGACTCAGTCAGCTATGTCGAAAAACTGCATCAAGCTTCTGTGTGAAGACCCTGTTTTTGCAGAGTACATTAAATGTATCCTAATGGACGAAAGAACTTTTCTAAATAACAATATTGTCTACACATTCATGACACATTTCCTTCTAAAGGTTCAAAGTCAAGTGTTCTCAGAAGCAAACTGTGCCAGTTTGATCAGTACCCTTATCACAAACCTGATAAATCAGTATCAAAACCTACAATCTGATTTCACCAACCGAGTTGAAATTTCAAAAGCAAGTGCTGCTTTAAATGGGGACCTGAGGGCACTTGCTTTGCTCCTGTCAGTACACACTCCCAAACAGTTAAACCCAGCTCTGATCCCAACTCTGCAAGAGCTTTTAAACAAGTGTAGGACTTGTCTGCAGCAGAGAAACTCACTCCAAGAGCAAGAAGCCAAAGAAAGAAAAACTAAAGATGACGAAGGAGCAACTCCTGTTAAAAGACGGCGAGTGAGCAGTGATGAGGAGCACACTGTAGACAGTTGCATTGGTGACATAAAAACAGAGACCAGGGAGGTCCTGACCCCCACTAGCACCTCAGACAATGAGACAAGAGACTCATCGATTATTGACCCAGGGACAGAGCAAGATCTTCCGTCTCCTGAAAACAGCTCTGTCAAAGAGTATCGAATGGAAGGCCCATCTTCATTTTCAGAAGATGGTTCACATATCCGGTCACAGCATGCAGAGGAACAGTCTAACAATGGCAGGTTTGACGACTGTAAAGAGTTTAAAGACCACTGTTCCAAGGATACTACACTAGCTGAAGATGAATCCGAATTCCCTTCAACGTCCATCTCCGCAGTTCTGTCTGACTTAGCTGATCTGAGAAGCTGTGATGGTCAAGCTTTGTCCTCCCAGGACCCTGAAGCTGCTGTGTCCCTCAGTTGTGGCCATTCCAGAGGCCTCATTAGTCATATGCAGCAACACGACATTTTAGATACCCTGTGTAGGACCATTGAATCAACAATCCATGTGGTCACAAGGATATCTGGCAAAGGAAACCAAGCTGCTTCTTGA,MAPRRKEKYKLPVPLPEGKILDDMEGNRWALGKMIGSGGFGLIYLAFPTNKPNKDARHVIKLEYQENGPLFSELKFYQRAAKRECIQKWIQQRKLDYLGIPVFYGFGLTDF
4662,MAPRRKEKYKLPVPLPEGKILDDMEGNRWALGKMIGSGGFGLIYLGVLVAYEGLPLHLALFPKLWTELCQTQSAMSKNCIKLLCEDPVFAEYIKCILMDERTFLNNNIVYTFMTHFLLKVQSQVFSEANCASLISTLITNLINQYQNLQSDFTNRVEISKASAALNGDLRALALLLSVHTPKQLNPALIPTLQELLNKCRTCLQQRNSLQEQEAKERKTKDDEGATPVKRRRVSSDEEHTVDSCIGDIKTETREVLTPTSTSDNETRDSSIIDPGTEQDLPSPENSSVKEYRMEGPSSFSEDGSHIRSQHAEEQSNNGRFDDCKEFKDHCSKDTTLAEDESEFPSTSISAVLSDLADLRSCDGQALSSQDPEAAVSLSCGHSRGLISHMQQHDILDTLCRTIESTIHVVTRISGKGNQAAS,46,Vrk2:Usp34,b50e8a44-da01-4c4d-892a-17ed19b99e20,chr11,26591587,chr11,23484102,ATGGCACCAAGAAGAAAAGAGAAATATAAGCTTCCGGTTCCACTCCCAGAAGGCAAAATTCTGGATGATATGGAAGGAAACCGGTGGGCACTGGGCAAGATGATCGGCTCTGGAGGGTTTGGACTGATATACTTAGGTGTCCTGGTTGCCTATGAAGGCTTGCCACTTCATCTTGCACTGTTCCCCAAACTTTGGACTGAGCTATGCCAGACTCAGTCAGCTATGTCGAAAAACTGCATCAAGCTTCTGTGTGAAGACCCTGTTTTTGCAGAGTACATTAAATGTATCCTAATGGACGAAAGAACTTTTCTAAATAACAATATTGTCTACACATTCATGACACATTTCCTTCTAAAGGTTCAAAGTCAAGTGTTCTCAGAAGCAAACTGTGCCAGTTTGATCAGTACCCTTATCACAAACCTGATAAATCAGTATCAAAACCTACAATCTGATTTCACCAACCGAGTTGAAATTTCAAAAGCAAGTGCTGCTTTAAATGGGGACCTGAGGGCACTTGCTTTGCTCCTGTCAGTACACACTCCCAAACAGTTAAACCCAGCTCTGATCCCAACTCTGCAAGAGCTTTTAAACAAGTGTAGGACTTGTCTGCAGCAGAGAAACTCACTCCAAGAGCAAGAAGCCAAAGAAAGAAAAACTAAAGATGACGAAGGAGCAACTCCTGTTAAAAGACGGCGAGTGAGCAGTGATGAGGAGCACACTGTAGACAGTTGCATTGGTGACATAAAAACAGAGACCAGGGAGGTCCTGACCCCCACTAGCACCTCAGACAATGAGACAAGAGACTCATCGATTATTGACCCAGGGACAGAGCAAGATCTTCCGTCTCCTGAAAACAGCTCTGTCAAAGAGTATCGAATGGAAGGCCCATCTTCATTTTCAGAAGATGGTTCACATATCCGGTCACAGCATGCAGAGGAACAGTCTAACAATGGCAGGTTTGACGACTGTAAAGAGTTTAAAGACCACTGTTCCAAGGATACTACACTAGCTGAAGATGAATCCGAATTCCCTTCAACGTCCATCTCCGCAGTTCTGTCTGACTTAGCTGATCTGAGAAGCTGTGATGGTCAAGCTTTGTCCTCCCAGGACCCTGAAGCTGCTGTGTCCCTCAGTTGTGGCCATTCCAGAGGCCTCATTAGTCATATGCAGCAACACGACATTTTAGATACCCTGTGTAGGACCATTGAATCAACAATCCATGTGGTCACAAGGATATCTGGCAAAGGAAACCAAGCTGCTTCTTGA,MAPRRKEKYKLPVPLPEGKILDDMEGNRWALGKMIGSGGFGLIYLAFPTNKPNKDARHVIKLEYQENGPLFSELKFYQRAAKRECIQKWIQQRKLDYLGIPVFYGFGLTDFKGRSYRFMVMERLGIDLQKLLDQNGGFKKLTVLQLGIRMLDVLEYIHENEYVHGDIKAANLLLDFTNPDRVYLADYGLSYRYCPNGNHKQYQEDPRKGHNGTIEFTSLDAHKGVAPSRRSDVEILGYCMLHWLFGKLPWEAKLDDPVAVQTAKTNLLDELPESVLKWAPSGSSCSELVKYLMYVHNLAYDDKPDYQKLKKILNPDGVPLGPLEFSTKVQSVHVRTPAQQKVDSPKATRKPANEFPAKFPKKVHRETRARQREEQEDSQPTMLQSRPAAPENSRTRKIHEYSDIFSEMQSLQQTPSYMSFQGSYCKPYLDCTRRDPIRKPRSLPRYRHTPTGNLGVTDLESSPRFWPAIFQLTLSEETKADVYYYGITIFCLLIFVFLALYFL*
4662,MAPRRKEKYKLPVPLPEGKILDDMEGNRWALGKMIGSGGFGLIYLGVLVAYEGLPLHLALFPKLWTELCQTQSAMSKNCIKLLCEDPVFAEYIKCILMDERTFLNNNIVYTFMTHFLLKVQSQVFSEANCASLISTLITNLINQYQNLQSDFTNRVEISKASAALNGDLRALALLLSVHTPKQLNPALIPTLQELLNKCRTCLQQRNSLQEQEAKERKTKDDEGATPVKRRRVSSDEEHTVDSCIGDIKTETREVLTPTSTSDNETRDSSIIDPGTEQDLPSPENSSVKEYRMEGPSSFSEDGSHIRSQHAEEQSNNGRFDDCKEFKDHCSKDTTLAEDESEFPSTSISAVLSDLADLRSCDGQALSSQDPEAAVSLSCGHSRGLISHMQQHDILDTLCRTIESTIHVVTRISGKGNQAAS,46,Vrk2:Usp34,b50e8a44-da01-4c4d-892a-17ed19b99e20,chr11,26591587,chr11,23484102,ATGGCACCAAGAAGAAAAGAGAAATATAAGCTTCCGGTTCCACTCCCAGAAGGCAAAATTCTGGATGATATGGAAGGAAACCGGTGGGCACTGGGCAAGATGATCGGCTCTGGAGGGTTTGGACTGATATACTTAGGTGTCCTGGTTGCCTATGAAGGCTTGCCACTTCATCTTGCACTGTTCCCCAAACTTTGGACTGAGCTATGCCAGACTCAGTCAGCTATGTCGAAAAACTGCATCAAGCTTCTGTGTGAAGACCCTGTTTTTGCAGAGTACATTAAATGTATCCTAATGGACGAAAGAACTTTTCTAAATAACAATATTGTCTACACATTCATGACACATTTCCTTCTAAAGGTTCAAAGTCAAGTGTTCTCAGAAGCAAACTGTGCCAGTTTGATCAGTACCCTTATCACAAACCTGATAAATCAGTATCAAAACCTACAATCTGATTTCACCAACCGAGTTGAAATTTCAAAAGCAAGTGCTGCTTTAAATGGGGACCTGAGGGCACTTGCTTTGCTCCTGTCAGTACACACTCCCAAACAGTTAAACCCAGCTCTGATCCCAACTCTGCAAGAGCTTTTAAACAAGTGTAGGACTTGTCTGCAGCAGAGAAACTCACTCCAAGAGCAAGAAGCCAAAGAAAGAAAAACTAAAGATGACGAAGGAGCAACTCCTGTTAAAAGACGGCGAGTGAGCAGTGATGAGGAGCACACTGTAGACAGTTGCATTGGTGACATAAAAACAGAGACCAGGGAGGTCCTGACCCCCACTAGCACCTCAGACAATGAGACAAGAGACTCATCGATTATTGACCCAGGGACAGAGCAAGATCTTCCGTCTCCTGAAAACAGCTCTGTCAAAGAGTATCGAATGGAAGGCCCATCTTCATTTTCAGAAGATGGTTCACATATCCGGTCACAGCATGCAGAGGAACAGTCTAACAATGGCAGGTTTGACGACTGTAAAGAGTTTAAAGACCACTGTTCCAAGGATACTACACTAGCTGAAGATGAATCCGAATTCCCTTCAACGTCCATCTCCGCAGTTCTGTCTGACTTAGCTGATCTGAGAAGCTGTGATGGTCAAGCTTTGTCCTCCCAGGACCCTGAAGCTGCTGTGTCCCTCAGTTGTGGCCATTCCAGAGGCCTCATTAGTCATATGCAGCAACACGACATTTTAGATACCCTGTGTAGGACCATTGAATCAACAATCCATGTGGTCACAAGGATATCTGGCAAAGGAAACCAAGCTGCTTCTTGA,MAPRRKEKYKLPVPLPEGKILDDMEGNRWALGKMIGSGGFGLIYLAFPTNKPNKDARHVIKLEYQENGPLFSELKFYQRAAKRECIQKWIQQRKLDYLGIPVFYGFGLTDFKGRSYRFMVMERLGIDLQKLLDQNGGFKKLTVLQLGIRMLDVLEYIHENEYVHGDIKAANLLLDFTNPDRVYLADYGLSYRYCPNGNHKQYQEDPRKGHNGTIEFTSLDAHKGVAPSRRSDVEILGYCMLHWLFGKLPWEAKLDDPVAVQTAKTNLLDELPESVLKWAPSGSSCSELVKYLMYVHNLAYDDKPDYQKLKKILNPDGVPLGPLEFSTKVQSVHVRTPAQQKVDSPKATRKPANEFPAKFPKKVHRETRARQREEQEDSQPTMLQSRPAAPENSRTRKIHEYSDIFSEMQSLQQTPSYMSFQGSYCKPYLDCTRRDPIRKPRSLPRYRHTPTGNLGVTDLESSPRFWPAIFQLTLSEETKADVYYYGITIFCLLIFVFLALYFL*
4662,MAPRRKEKYKLPVPLPEGKILDDMEGNRWALGKMIGSGGFGLIYLGVLVAYEGLPLHLALFPKLWTELCQTQSAMSKNCIKLLCEDPVFAEYIKCILMDERTFLNNNIVYTFMTHFLLKVQSQVFSEANCASLISTLITNLINQYQNLQSDFTNRVEISKASAALNGDLRALALLLSVHTPKQLNPALIPTLQELLNKCRTCLQQRNSLQEQEAKERKTKDDEGATPVKRRRVSSDEEHTVDSCIGDIKTETREVLTPTSTSDNETRDSSIIDPGTEQDLPSPENSSVKEYRMEGPSSFSEDGSHIRSQHAEEQSNNGRFDDCKEFKDHCSKDTTLAEDESEFPSTSISAVLSDLADLRSCDGQALSSQDPEAAVSLSCGHSRGLISHMQQHDILDTLCRTIESTIHVVTRISGKGNQAAS,46,Vrk2:Usp34,b50e8a44-da01-4c4d-892a-17ed19b99e20,chr11,26591587,chr11,23484102,ATGGCACCAAGAAGAAAAGAGAAATATAAGCTTCCGGTTCCACTCCCAGAAGGCAAAATTCTGGATGATATGGAAGGAAACCGGTGGGCACTGGGCAAGATGATCGGCTCTGGAGGGTTTGGACTGATATACTTAGGTGTCCTGGTTGCCTATGAAGGCTTGCCACTTCATCTTGCACTGTTCCCCAAACTTTGGACTGAGCTATGCCAGACTCAGTCAGCTATGTCGAAAAACTGCATCAAGCTTCTGTGTGAAGACCCTGTTTTTGCAGAGTACATTAAATGTATCCTAATGGACGAAAGAACTTTTCTAAATAACAATATTGTCTACACATTCATGACACATTTCCTTCTAAAGGTTCAAAGTCAAGTGTTCTCAGAAGCAAACTGTGCCAGTTTGATCAGTACCCTTATCACAAACCTGATAAATCAGTATCAAAACCTACAATCTGATTTCACCAACCGAGTTGAAATTTCAAAAGCAAGTGCTGCTTTAAATGGGGACCTGAGGGCACTTGCTTTGCTCCTGTCAGTACACACTCCCAAACAGTTAAACCCAGCTCTGATCCCAACTCTGCAAGAGCTTTTAAACAAGTGTAGGACTTGTCTGCAGCAGAGAAACTCACTCCAAGAGCAAGAAGCCAAAGAAAGAAAAACTAAAGATGACGAAGGAGCAACTCCTGTTAAAAGACGGCGAGTGAGCAGTGATGAGGAGCACACTGTAGACAGTTGCATTGGTGACATAAAAACAGAGACCAGGGAGGTCCTGACCCCCACTAGCACCTCAGACAATGAGACAAGAGACTCATCGATTATTGACCCAGGGACAGAGCAAGATCTTCCGTCTCCTGAAAACAGCTCTGTCAAAGAGTATCGAATGGAAGGCCCATCTTCATTTTCAGAAGATGGTTCACATATCCGGTCACAGCATGCAGAGGAACAGTCTAACAATGGCAGGTTTGACGACTGTAAAGAGTTTAAAGACCACTGTTCCAAGGATACTACACTAGCTGAAGATGAATCCGAATTCCCTTCAACGTCCATCTCCGCAGTTCTGTCTGACTTAGCTGATCTGAGAAGCTGTGATGGTCAAGCTTTGTCCTCCCAGGACCCTGAAGCTGCTGTGTCCCTCAGTTGTGGCCATTCCAGAGGCCTCATTAGTCATATGCAGCAACACGACATTTTAGATACCCTGTGTAGGACCATTGAATCAACAATCCATGTGGTCACAAGGATATCTGGCAAAGGAAACCAAGCTGCTTCTTGA,MAPRRKEKYKLPVPLPEGKILDDMEGNRWALGKMIGSGGFGLIYLAFPTNKPNKDARHVIKLEYQENGPLFSELKFYQRAAKRECIQKWIQQRKLDYLGIPVFYGFGLTDF
